[{"model": "admin.logentry", "pk": 1, "fields": {"action_time": "2026-02-18T13:12:10.448Z", "user": 1, "content_type": 7, "object_id": "1", "object_repr": "College of Arts and Humanities", "action_flag": 1, "change_message": "[{\"added\": {}}]"}}, {"model": "admin.logentry", "pk": 2, "fields": {"action_time": "2026-02-18T13:12:14.912Z", "user": 1, "content_type": 7, "object_id": "2", "object_repr": "College of Business and Accountancy", "action_flag": 1, "change_message": "[{\"added\": {}}]"}}, {"model": "admin.logentry", "pk": 3, "fields": {"action_time": "2026-02-18T13:12:17.790Z", "user": 1, "content_type": 7, "object_id": "3", "object_repr": "College of Criminal Justice Education", "action_flag": 1, "change_message": "[{\"added\": {}}]"}}, {"model": "admin.logentry", "pk": 4, "fields": {"action_time": "2026-02-18T13:12:21.896Z", "user": 1, "content_type": 7, "object_id": "4", "object_repr": "College of Engineering", "action_flag": 1, "change_message": "[{\"added\": {}}]"}}, {"model": "admin.logentry", "pk": 5, "fields": {"action_time": "2026-02-18T13:12:25.211Z", "user": 1, "content_type": 7, "object_id": "5", "object_repr": "College of Hospitality and Tourism Management", "action_flag": 1, "change_message": "[{\"added\": {}}]"}}, {"model": "admin.logentry", "pk": 6, "fields": {"action_time": "2026-02-18T13:12:30.464Z", "user": 1, "content_type": 7, "object_id": "6", "object_repr": "College of Nursing", "action_flag": 1, "change_message": "[{\"added\": {}}]"}}, {"model": "admin.logentry", "pk": 7, "fields": {"action_time": "2026-02-18T13:12:35.778Z", "user": 1, "content_type": 7, "object_id": "7", "object_repr": "College of Sciences", "action_flag": 1, "change_message": "[{\"added\": {}}]"}}, {"model": "admin.logentry", "pk": 8, "fields": {"action_time": "2026-02-18T13:12:41.647Z", "user": 1, "content_type": 7, "object_id": "8", "object_repr": "College of Teacher Education", "action_flag": 1, "change_message": "[{\"added\": {}}]"}}, {"model": "admin.logentry", "pk": 9, "fields": {"action_time": "2026-02-18T13:14:05.388Z", "user": 1, "content_type": 9, "object_id": "1", "object_repr": "Bachelor of Science in Information Technology", "action_flag": 1, "change_message": "[{\"added\": {}}]"}}, {"model": "admin.logentry", "pk": 10, "fields": {"action_time": "2026-02-18T13:14:14.307Z", "user": 1, "content_type": 9, "object_id": "2", "object_repr": "Bachelor of Elementary Education", "action_flag": 1, "change_message": "[{\"added\": {}}]"}}, {"model": "admin.logentry", "pk": 11, "fields": {"action_time": "2026-02-18T13:14:23.644Z", "user": 1, "content_type": 9, "object_id": "3", "object_repr": "Bachelor of Science in Accountancy", "action_flag": 1, "change_message": "[{\"added\": {}}]"}}, {"model": "admin.logentry", "pk": 12, "fields": {"action_time": "2026-02-18T13:14:34.743Z", "user": 1, "content_type": 9, "object_id": "4", "object_repr": "Bachelor of Science in Civil Engineering", "action_flag": 1, "change_message": "[{\"added\": {}}]"}}, {"model": "admin.logentry", "pk": 13, "fields": {"action_time": "2026-02-18T13:14:43.731Z", "user": 1, "content_type": 9, "object_id": "5", "object_repr": "Bachelor of Science in Computer Science", "action_flag": 1, "change_message": "[{\"added\": {}}]"}}, {"model": "admin.logentry", "pk": 14, "fields": {"action_time": "2026-02-18T13:14:55.909Z", "user": 1, "content_type": 9, "object_id": "6", "object_repr": "Bachelor of Science in Criminology", "action_flag": 1, "change_message": "[{\"added\": {}}]"}}, {"model": "admin.logentry", "pk": 15, "fields": {"action_time": "2026-02-18T13:15:07.070Z", "user": 1, "content_type": 9, "object_id": "7", "object_repr": "Bachelor of Science in Management Accounting", "action_flag": 1, "change_message": "[{\"added\": {}}]"}}, {"model": "admin.logentry", "pk": 16, "fields": {"action_time": "2026-02-18T13:15:16.921Z", "user": 1, "content_type": 9, "object_id": "8", "object_repr": "Bachelor of Science in Nursing", "action_flag": 1, "change_message": "[{\"added\": {}}]"}}, {"model": "admin.logentry", "pk": 17, "fields": {"action_time": "2026-02-18T13:15:30.141Z", "user": 1, "content_type": 9, "object_id": "9", "object_repr": "Bachelor of Science in Psychology", "action_flag": 1, "change_message": "[{\"added\": {}}]"}}, {"model": "admin.logentry", "pk": 18, "fields": {"action_time": "2026-02-18T13:15:41.736Z", "user": 1, "content_type": 9, "object_id": "10", "object_repr": "Bachelor of Science in Tourism Management", "action_flag": 1, "change_message": "[{\"added\": {}}]"}}, {"model": "admin.logentry", "pk": 19, "fields": {"action_time": "2026-02-18T13:16:12.338Z", "user": 1, "content_type": 10, "object_id": "1", "object_repr": "Docog, Kevin", "action_flag": 1, "change_message": "[{\"added\": {}}]"}}, {"model": "admin.logentry", "pk": 20, "fields": {"action_time": "2026-02-18T13:16:41.496Z", "user": 1, "content_type": 8, "object_id": "11", "object_repr": "ACS", "action_flag": 1, "change_message": "[{\"added\": {}}]"}}, {"model": "admin.logentry", "pk": 21, "fields": {"action_time": "2026-02-18T13:16:46.002Z", "user": 1, "content_type": 11, "object_id": "1", "object_repr": "OrgMember object (1)", "action_flag": 1, "change_message": "[{\"added\": {}}]"}}, {"model": "admin.logentry", "pk": 22, "fields": {"action_time": "2026-02-18T13:17:10.906Z", "user": 1, "content_type": 10, "object_id": "2", "object_repr": "Mendoza, Paul Elbridge", "action_flag": 1, "change_message": "[{\"added\": {}}]"}}, {"model": "admin.logentry", "pk": 23, "fields": {"action_time": "2026-02-18T13:17:24.404Z", "user": 1, "content_type": 8, "object_id": "12", "object_repr": "SITE", "action_flag": 1, "change_message": "[{\"added\": {}}]"}}, {"model": "admin.logentry", "pk": 24, "fields": {"action_time": "2026-02-18T13:17:28.212Z", "user": 1, "content_type": 11, "object_id": "2", "object_repr": "OrgMember object (2)", "action_flag": 1, "change_message": "[{\"added\": {}}]"}}, {"model": "auth.permission", "pk": 1, "fields": {"name": "Can add log entry", "content_type": 1, "codename": "add_logentry"}}, {"model": "auth.permission", "pk": 2, "fields": {"name": "Can change log entry", "content_type": 1, "codename": "change_logentry"}}, {"model": "auth.permission", "pk": 3, "fields": {"name": "Can delete log entry", "content_type": 1, "codename": "delete_logentry"}}, {"model": "auth.permission", "pk": 4, "fields": {"name": "Can view log entry", "content_type": 1, "codename": "view_logentry"}}, {"model": "auth.permission", "pk": 5, "fields": {"name": "Can add permission", "content_type": 2, "codename": "add_permission"}}, {"model": "auth.permission", "pk": 6, "fields": {"name": "Can change permission", "content_type": 2, "codename": "change_permission"}}, {"model": "auth.permission", "pk": 7, "fields": {"name": "Can delete permission", "content_type": 2, "codename": "delete_permission"}}, {"model": "auth.permission", "pk": 8, "fields": {"name": "Can view permission", "content_type": 2, "codename": "view_permission"}}, {"model": "auth.permission", "pk": 9, "fields": {"name": "Can add group", "content_type": 3, "codename": "add_group"}}, {"model": "auth.permission", "pk": 10, "fields": {"name": "Can change group", "content_type": 3, "codename": "change_group"}}, {"model": "auth.permission", "pk": 11, "fields": {"name": "Can delete group", "content_type": 3, "codename": "delete_group"}}, {"model": "auth.permission", "pk": 12, "fields": {"name": "Can view group", "content_type": 3, "codename": "view_group"}}, {"model": "auth.permission", "pk": 13, "fields": {"name": "Can add user", "content_type": 4, "codename": "add_user"}}, {"model": "auth.permission", "pk": 14, "fields": {"name": "Can change user", "content_type": 4, "codename": "change_user"}}, {"model": "auth.permission", "pk": 15, "fields": {"name": "Can delete user", "content_type": 4, "codename": "delete_user"}}, {"model": "auth.permission", "pk": 16, "fields": {"name": "Can view user", "content_type": 4, "codename": "view_user"}}, {"model": "auth.permission", "pk": 17, "fields": {"name": "Can add content type", "content_type": 5, "codename": "add_contenttype"}}, {"model": "auth.permission", "pk": 18, "fields": {"name": "Can change content type", "content_type": 5, "codename": "change_contenttype"}}, {"model": "auth.permission", "pk": 19, "fields": {"name": "Can delete content type", "content_type": 5, "codename": "delete_contenttype"}}, {"model": "auth.permission", "pk": 20, "fields": {"name": "Can view content type", "content_type": 5, "codename": "view_contenttype"}}, {"model": "auth.permission", "pk": 21, "fields": {"name": "Can add session", "content_type": 6, "codename": "add_session"}}, {"model": "auth.permission", "pk": 22, "fields": {"name": "Can change session", "content_type": 6, "codename": "change_session"}}, {"model": "auth.permission", "pk": 23, "fields": {"name": "Can delete session", "content_type": 6, "codename": "delete_session"}}, {"model": "auth.permission", "pk": 24, "fields": {"name": "Can view session", "content_type": 6, "codename": "view_session"}}, {"model": "auth.permission", "pk": 25, "fields": {"name": "Can add college", "content_type": 7, "codename": "add_college"}}, {"model": "auth.permission", "pk": 26, "fields": {"name": "Can change college", "content_type": 7, "codename": "change_college"}}, {"model": "auth.permission", "pk": 27, "fields": {"name": "Can delete college", "content_type": 7, "codename": "delete_college"}}, {"model": "auth.permission", "pk": 28, "fields": {"name": "Can view college", "content_type": 7, "codename": "view_college"}}, {"model": "auth.permission", "pk": 29, "fields": {"name": "Can add organization", "content_type": 8, "codename": "add_organization"}}, {"model": "auth.permission", "pk": 30, "fields": {"name": "Can change organization", "content_type": 8, "codename": "change_organization"}}, {"model": "auth.permission", "pk": 31, "fields": {"name": "Can delete organization", "content_type": 8, "codename": "delete_organization"}}, {"model": "auth.permission", "pk": 32, "fields": {"name": "Can view organization", "content_type": 8, "codename": "view_organization"}}, {"model": "auth.permission", "pk": 33, "fields": {"name": "Can add program", "content_type": 9, "codename": "add_program"}}, {"model": "auth.permission", "pk": 34, "fields": {"name": "Can change program", "content_type": 9, "codename": "change_program"}}, {"model": "auth.permission", "pk": 35, "fields": {"name": "Can delete program", "content_type": 9, "codename": "delete_program"}}, {"model": "auth.permission", "pk": 36, "fields": {"name": "Can view program", "content_type": 9, "codename": "view_program"}}, {"model": "auth.permission", "pk": 37, "fields": {"name": "Can add student", "content_type": 10, "codename": "add_student"}}, {"model": "auth.permission", "pk": 38, "fields": {"name": "Can change student", "content_type": 10, "codename": "change_student"}}, {"model": "auth.permission", "pk": 39, "fields": {"name": "Can delete student", "content_type": 10, "codename": "delete_student"}}, {"model": "auth.permission", "pk": 40, "fields": {"name": "Can view student", "content_type": 10, "codename": "view_student"}}, {"model": "auth.permission", "pk": 41, "fields": {"name": "Can add org member", "content_type": 11, "codename": "add_orgmember"}}, {"model": "auth.permission", "pk": 42, "fields": {"name": "Can change org member", "content_type": 11, "codename": "change_orgmember"}}, {"model": "auth.permission", "pk": 43, "fields": {"name": "Can delete org member", "content_type": 11, "codename": "delete_orgmember"}}, {"model": "auth.permission", "pk": 44, "fields": {"name": "Can view org member", "content_type": 11, "codename": "view_orgmember"}}, {"model": "auth.user", "pk": 1, "fields": {"password": "pbkdf2_sha256$1000000$SMPpwrp7LYkkqaNRMjOAq2$0U3O/dEOD/rgh8/UMDiJCwDmm69cy+r2t9m5xLw8bO0=", "last_login": "2026-02-20T13:13:24.645Z", "is_superuser": true, "username": "admin", "first_name": "", "last_name": "", "email": "", "is_staff": true, "is_active": true, "date_joined": "2026-02-18T13:11:32.272Z", "groups": [], "user_permissions": []}}, {"model": "contenttypes.contenttype", "pk": 1, "fields": {"app_label": "admin", "model": "logentry"}}, {"model": "contenttypes.contenttype", "pk": 2, "fields": {"app_label": "auth", "model": "permission"}}, {"model": "contenttypes.contenttype", "pk": 3, "fields": {"app_label": "auth", "model": "group"}}, {"model": "contenttypes.contenttype", "pk": 4, "fields": {"app_label": "auth", "model": "user"}}, {"model": "contenttypes.contenttype", "pk": 5, "fields": {"app_label": "contenttypes", "model": "contenttype"}}, {"model": "contenttypes.contenttype", "pk": 6, "fields": {"app_label": "sessions", "model": "session"}}, {"model": "contenttypes.contenttype", "pk": 7, "fields": {"app_label": "studentorg", "model": "college"}}, {"model": "contenttypes.contenttype", "pk": 8, "fields": {"app_label": "studentorg", "model": "organization"}}, {"model": "contenttypes.contenttype", "pk": 9, "fields": {"app_label": "studentorg", "model": "program"}}, {"model": "contenttypes.contenttype", "pk": 10, "fields": {"app_label": "studentorg", "model": "student"}}, {"model": "contenttypes.contenttype", "pk": 11, "fields": {"app_label": "studentorg", "model": "orgmember"}}, {"model": "sessions.session", "pk": "7az7ftwc8z96kf4enypkh3soh1pl2bvp", "fields": {"session_data": ".eJxVjE0OwiAYRO_C2hAKxaJL9z0D-f6QqoGktCvj3W2TLjSzm_dm3irCuuS4NpnjxOqqOnX67RDoKWUH_IByr5pqWeYJ9a7ogzY9VpbX7XD_DjK0vK1d4GRtbwjZiA3gjWHgwfsQhmQQUocJsSdL5MjB-SIOIGzxIAxO1OcLASY5YQ:1vshLI:XdXbQ2GOSvfL1bF8CMiJo390JR20h_oFH_2XW0LRd3E", "expire_date": "2026-03-04T13:11:48.834Z"}}, {"model": "sessions.session", "pk": "qrn7a1rywmkisjhf168ckbb498zpsk4l", "fields": {"session_data": ".eJxVjE0OwiAYRO_C2hAKxaJL9z0D-f6QqoGktCvj3W2TLjSzm_dm3irCuuS4NpnjxOqqOnX67RDoKWUH_IByr5pqWeYJ9a7ogzY9VpbX7XD_DjK0vK1d4GRtbwjZiA3gjWHgwfsQhmQQUocJsSdL5MjB-SIOIGzxIAxO1OcLASY5YQ:1vtQJw:2KPIKlgy04OkSEuG_BS7EP4haOk-JgSyzpOEoLUntj8", "expire_date": "2026-03-06T13:13:24.645Z"}}, {"model": "studentorg.college", "pk": 1, "fields": {"created_at": "2026-02-18T13:12:10.446Z", "updated_at": "2026-02-18T13:12:10.446Z", "college_name": "College of Arts and Humanities"}}, {"model": "studentorg.college", "pk": 2, "fields": {"created_at": "2026-02-18T13:12:14.908Z", "updated_at": "2026-02-18T13:12:14.908Z", "college_name": "College of Business and Accountancy"}}, {"model": "studentorg.college", "pk": 3, "fields": {"created_at": "2026-02-18T13:12:17.781Z", "updated_at": "2026-02-18T13:12:17.781Z", "college_name": "College of Criminal Justice Education"}}, {"model": "studentorg.college", "pk": 4, "fields": {"created_at": "2026-02-18T13:12:21.894Z", "updated_at": "2026-02-18T13:12:21.894Z", "college_name": "College of Engineering"}}, {"model": "studentorg.college", "pk": 5, "fields": {"created_at": "2026-02-18T13:12:25.209Z", "updated_at": "2026-02-18T13:12:25.209Z", "college_name": "College of Hospitality and Tourism Management"}}, {"model": "studentorg.college", "pk": 6, "fields": {"created_at": "2026-02-18T13:12:30.461Z", "updated_at": "2026-02-18T13:12:30.461Z", "college_name": "College of Nursing"}}, {"model": "studentorg.college", "pk": 7, "fields": {"created_at": "2026-02-18T13:12:35.777Z", "updated_at": "2026-02-18T13:12:35.777Z", "college_name": "College of Sciences"}}, {"model": "studentorg.college", "pk": 8, "fields": {"created_at": "2026-02-18T13:12:41.644Z", "updated_at": "2026-02-18T13:12:41.644Z", "college_name": "College of Teacher Education"}}, {"model": "studentorg.program", "pk": 1, "fields": {"created_at": "2026-02-18T13:14:05.385Z", "updated_at": "2026-02-18T13:14:05.385Z", "prog_name": "Bachelor of Science in Information Technology", "college": 7}}, {"model": "studentorg.program", "pk": 2, "fields": {"created_at": "2026-02-18T13:14:14.307Z", "updated_at": "2026-02-18T13:14:14.307Z", "prog_name": "Bachelor of Elementary Education", "college": 8}}, {"model": "studentorg.program", "pk": 3, "fields": {"created_at": "2026-02-18T13:14:23.642Z", "updated_at": "2026-02-18T13:14:23.642Z", "prog_name": "Bachelor of Science in Accountancy", "college": 2}}, {"model": "studentorg.program", "pk": 4, "fields": {"created_at": "2026-02-18T13:14:34.740Z", "updated_at": "2026-02-18T13:14:34.741Z", "prog_name": "Bachelor of Science in Civil Engineering", "college": 4}}, {"model": "studentorg.program", "pk": 5, "fields": {"created_at": "2026-02-18T13:14:43.728Z", "updated_at": "2026-02-18T13:14:43.728Z", "prog_name": "Bachelor of Science in Computer Science", "college": 7}}, {"model": "studentorg.program", "pk": 6, "fields": {"created_at": "2026-02-18T13:14:55.906Z", "updated_at": "2026-02-18T13:14:55.906Z", "prog_name": "Bachelor of Science in Criminology", "college": 3}}, {"model": "studentorg.program", "pk": 7, "fields": {"created_at": "2026-02-18T13:15:07.070Z", "updated_at": "2026-02-18T13:15:07.070Z", "prog_name": "Bachelor of Science in Management Accounting", "college": 2}}, {"model": "studentorg.program", "pk": 8, "fields": {"created_at": "2026-02-18T13:15:16.916Z", "updated_at": "2026-02-18T13:15:16.916Z", "prog_name": "Bachelor of Science in Nursing", "college": 6}}, {"model": "studentorg.program", "pk": 9, "fields": {"created_at": "2026-02-18T13:15:30.137Z", "updated_at": "2026-02-18T13:15:30.137Z", "prog_name": "Bachelor of Science in Psychology", "college": 1}}, {"model": "studentorg.program", "pk": 10, "fields": {"created_at": "2026-02-18T13:15:41.734Z", "updated_at": "2026-02-18T13:15:41.734Z", "prog_name": "Bachelor of Science in Tourism Management", "college": 5}}, {"model": "studentorg.organization", "pk": 1, "fields": {"created_at": "2026-02-18T13:10:18.708Z", "updated_at": "2026-02-18T13:10:18.708Z", "name": "Then Check", "college": null, "description": "Side wind best environmental situation short guess."}}, {"model": "studentorg.organization", "pk": 2, "fields": {"created_at": "2026-02-18T13:10:18.716Z", "updated_at": "2026-02-18T13:10:18.716Z", "name": "Nor Daughter", "college": null, "description": "Consider father anyone information several administration."}}, {"model": "studentorg.organization", "pk": 3, "fields": {"created_at": "2026-02-18T13:10:18.723Z", "updated_at": "2026-02-18T13:10:18.723Z", "name": "Notice The", "college": null, "description": "Case reflect they authority life day."}}, {"model": "studentorg.organization", "pk": 4, "fields": {"created_at": "2026-02-18T13:10:18.729Z", "updated_at": "2026-02-18T13:10:18.729Z", "name": "Difference Occur", "college": null, "description": "Region others everything station push rather company among."}}, {"model": "studentorg.organization", "pk": 5, "fields": {"created_at": "2026-02-18T13:10:18.734Z", "updated_at": "2026-02-18T13:10:18.734Z", "name": "Expert Treatment", "college": null, "description": "Detail bill purpose push seat."}}, {"model": "studentorg.organization", "pk": 6, "fields": {"created_at": "2026-02-18T13:10:18.740Z", "updated_at": "2026-02-18T13:10:18.740Z", "name": "Although Finally", "college": null, "description": "Go foot hand."}}, {"model": "studentorg.organization", "pk": 7, "fields": {"created_at": "2026-02-18T13:10:18.743Z", "updated_at": "2026-02-18T13:10:18.743Z", "name": "Help Data", "college": null, "description": "Space deal a however."}}, {"model": "studentorg.organization", "pk": 8, "fields": {"created_at": "2026-02-18T13:10:18.750Z", "updated_at": "2026-02-18T13:10:18.750Z", "name": "Ahead Into", "college": null, "description": "Really card institution else protect size."}}, {"model": "studentorg.organization", "pk": 9, "fields": {"created_at": "2026-02-18T13:10:18.755Z", "updated_at": "2026-02-18T13:10:18.755Z", "name": "Task Professional", "college": null, "description": "Heavy executive coach make safe letter into."}}, {"model": "studentorg.organization", "pk": 10, "fields": {"created_at": "2026-02-18T13:10:18.762Z", "updated_at": "2026-02-18T13:10:18.762Z", "name": "State Quite", "college": null, "description": "Sort television even of."}}, {"model": "studentorg.organization", "pk": 11, "fields": {"created_at": "2026-02-18T13:16:41.496Z", "updated_at": "2026-02-18T13:16:41.496Z", "name": "ACS", "college": 7, "description": "Association of Computer Scientist"}}, {"model": "studentorg.organization", "pk": 12, "fields": {"created_at": "2026-02-18T13:17:24.404Z", "updated_at": "2026-02-18T13:17:24.404Z", "name": "SITE", "college": 7, "description": "Society of Information Technology Enthusiasts"}}, {"model": "studentorg.organization", "pk": 13, "fields": {"created_at": "2026-02-18T13:19:15.171Z", "updated_at": "2026-02-18T13:19:15.171Z", "name": "Town Herself", "college": 8, "description": "Attorney use small those."}}, {"model": "studentorg.organization", "pk": 14, "fields": {"created_at": "2026-02-18T13:19:15.177Z", "updated_at": "2026-02-18T13:19:15.177Z", "name": "Statement His", "college": 6, "description": "Who sort minute environmental moment wear."}}, {"model": "studentorg.organization", "pk": 15, "fields": {"created_at": "2026-02-18T13:19:15.182Z", "updated_at": "2026-02-18T13:19:15.182Z", "name": "Information Ask", "college": 8, "description": "Firm president company best career could."}}, {"model": "studentorg.organization", "pk": 16, "fields": {"created_at": "2026-02-18T13:19:15.187Z", "updated_at": "2026-02-18T13:19:15.187Z", "name": "Response Area", "college": 2, "description": "Early source financial against establish task."}}, {"model": "studentorg.organization", "pk": 17, "fields": {"created_at": "2026-02-18T13:19:15.193Z", "updated_at": "2026-02-18T13:19:15.193Z", "name": "Staff Sound", "college": 6, "description": "Particularly choose way doctor region local behind."}}, {"model": "studentorg.organization", "pk": 18, "fields": {"created_at": "2026-02-18T13:19:15.198Z", "updated_at": "2026-02-18T13:19:15.198Z", "name": "Avoid Place", "college": 6, "description": "Figure drive involve speech already."}}, {"model": "studentorg.organization", "pk": 19, "fields": {"created_at": "2026-02-18T13:19:15.203Z", "updated_at": "2026-02-18T13:19:15.203Z", "name": "Watch Adult", "college": 8, "description": "Little sort officer professional boy child it."}}, {"model": "studentorg.organization", "pk": 20, "fields": {"created_at": "2026-02-18T13:19:15.208Z", "updated_at": "2026-02-18T13:19:15.208Z", "name": "Shoulder Some", "college": 8, "description": "Would hour class dog bag stock."}}, {"model": "studentorg.organization", "pk": 21, "fields": {"created_at": "2026-02-18T13:19:15.214Z", "updated_at": "2026-02-18T13:19:15.214Z", "name": "Throw Deep", "college": 1, "description": "Nation lead often condition."}}, {"model": "studentorg.organization", "pk": 22, "fields": {"created_at": "2026-02-18T13:19:15.219Z", "updated_at": "2026-02-18T13:19:15.219Z", "name": "Reach Event", "college": 3, "description": "Since hear support."}}, {"model": "studentorg.student", "pk": 1, "fields": {"created_at": "2026-02-18T13:16:12.336Z", "updated_at": "2026-02-18T13:16:12.336Z", "student_id": "202380106", "lastname": "Docog", "firstname": "Kevin", "middlename": "Dumlao", "program": 1}}, {"model": "studentorg.student", "pk": 2, "fields": {"created_at": "2026-02-18T13:17:10.906Z", "updated_at": "2026-02-18T13:17:10.906Z", "student_id": "202380107", "lastname": "Mendoza", "firstname": "Paul Elbridge", "middlename": "Roque", "program": 1}}, {"model": "studentorg.student", "pk": 3, "fields": {"created_at": "2026-02-18T13:19:15.340Z", "updated_at": "2026-02-18T13:19:15.340Z", "student_id": "2025-8-894", "lastname": "Crawford", "firstname": "David", "middlename": "Arnold", "program": 1}}, {"model": "studentorg.student", "pk": 4, "fields": {"created_at": "2026-02-18T13:19:15.346Z", "updated_at": "2026-02-18T13:19:15.346Z", "student_id": "2025-2-1191", "lastname": "Porter", "firstname": "Crystal", "middlename": "Stewart", "program": 3}}, {"model": "studentorg.student", "pk": 5, "fields": {"created_at": "2026-02-18T13:19:15.352Z", "updated_at": "2026-02-18T13:19:15.352Z", "student_id": "2022-7-760", "lastname": "Flynn", "firstname": "Matthew", "middlename": "Mcgee", "program": 6}}, {"model": "studentorg.student", "pk": 6, "fields": {"created_at": "2026-02-18T13:19:15.357Z", "updated_at": "2026-02-18T13:19:15.357Z", "student_id": "2021-6-6633", "lastname": "King", "firstname": "Jasmin", "middlename": "Powell", "program": 3}}, {"model": "studentorg.student", "pk": 7, "fields": {"created_at": "2026-02-18T13:19:15.362Z", "updated_at": "2026-02-18T13:19:15.362Z", "student_id": "2023-3-7507", "lastname": "Mata", "firstname": "Andrea", "middlename": "Hatfield", "program": 8}}, {"model": "studentorg.student", "pk": 8, "fields": {"created_at": "2026-02-18T13:19:15.367Z", "updated_at": "2026-02-18T13:19:15.367Z", "student_id": "2022-2-973", "lastname": "Summers", "firstname": "Rodney", "middlename": "Johnson", "program": 8}}, {"model": "studentorg.student", "pk": 9, "fields": {"created_at": "2026-02-18T13:19:15.372Z", "updated_at": "2026-02-18T13:19:15.372Z", "student_id": "2025-7-7869", "lastname": "Booth", "firstname": "Natasha", "middlename": "Burnett", "program": 5}}, {"model": "studentorg.student", "pk": 10, "fields": {"created_at": "2026-02-18T13:19:15.377Z", "updated_at": "2026-02-18T13:19:15.377Z", "student_id": "2024-3-8777", "lastname": "Robinson", "firstname": "Stacey", "middlename": "Moore", "program": 9}}, {"model": "studentorg.student", "pk": 11, "fields": {"created_at": "2026-02-18T13:19:15.382Z", "updated_at": "2026-02-18T13:19:15.382Z", "student_id": "2021-8-9432", "lastname": "Montoya", "firstname": "Ricardo", "middlename": "Potts", "program": 8}}, {"model": "studentorg.student", "pk": 12, "fields": {"created_at": "2026-02-18T13:19:15.387Z", "updated_at": "2026-02-18T13:19:15.387Z", "student_id": "2020-8-4382", "lastname": "Robinson", "firstname": "Donna", "middlename": "Whitaker", "program": 7}}, {"model": "studentorg.student", "pk": 13, "fields": {"created_at": "2026-02-18T13:19:15.391Z", "updated_at": "2026-02-18T13:19:15.391Z", "student_id": "2023-4-6872", "lastname": "Conley", "firstname": "Doris", "middlename": "Wagner", "program": 5}}, {"model": "studentorg.student", "pk": 14, "fields": {"created_at": "2026-02-18T13:19:15.397Z", "updated_at": "2026-02-18T13:19:15.397Z", "student_id": "2023-6-8404", "lastname": "Jenkins", "firstname": "Deanna", "middlename": "Martin", "program": 9}}, {"model": "studentorg.student", "pk": 15, "fields": {"created_at": "2026-02-18T13:19:15.402Z", "updated_at": "2026-02-18T13:19:15.402Z", "student_id": "2020-8-1050", "lastname": "Carr", "firstname": "Bradley", "middlename": "Anderson", "program": 7}}, {"model": "studentorg.student", "pk": 16, "fields": {"created_at": "2026-02-18T13:19:15.407Z", "updated_at": "2026-02-18T13:19:15.407Z", "student_id": "2020-2-8593", "lastname": "Hall", "firstname": "David", "middlename": "Diaz", "program": 10}}, {"model": "studentorg.student", "pk": 17, "fields": {"created_at": "2026-02-18T13:19:15.412Z", "updated_at": "2026-02-18T13:19:15.412Z", "student_id": "2024-3-2146", "lastname": "Campbell", "firstname": "Courtney", "middlename": "Grant", "program": 6}}, {"model": "studentorg.student", "pk": 18, "fields": {"created_at": "2026-02-18T13:19:15.417Z", "updated_at": "2026-02-18T13:19:15.417Z", "student_id": "2024-1-5531", "lastname": "Wagner", "firstname": "Michelle", "middlename": "Vincent", "program": 4}}, {"model": "studentorg.student", "pk": 19, "fields": {"created_at": "2026-02-18T13:19:15.422Z", "updated_at": "2026-02-18T13:19:15.422Z", "student_id": "2023-4-3014", "lastname": "Wolf", "firstname": "Scott", "middlename": "Barton", "program": 8}}, {"model": "studentorg.student", "pk": 20, "fields": {"created_at": "2026-02-18T13:19:15.427Z", "updated_at": "2026-02-18T13:19:15.427Z", "student_id": "2021-4-7980", "lastname": "Brooks", "firstname": "Brandi", "middlename": "Weaver", "program": 2}}, {"model": "studentorg.student", "pk": 21, "fields": {"created_at": "2026-02-18T13:19:15.432Z", "updated_at": "2026-02-18T13:19:15.432Z", "student_id": "2022-7-9113", "lastname": "Ross", "firstname": "William", "middlename": "Lee", "program": 4}}, {"model": "studentorg.student", "pk": 22, "fields": {"created_at": "2026-02-18T13:19:15.437Z", "updated_at": "2026-02-18T13:19:15.437Z", "student_id": "2022-7-6719", "lastname": "Castillo", "firstname": "Linda", "middlename": "Smith", "program": 3}}, {"model": "studentorg.student", "pk": 23, "fields": {"created_at": "2026-02-18T13:19:15.442Z", "updated_at": "2026-02-18T13:19:15.442Z", "student_id": "2022-4-6237", "lastname": "Rogers", "firstname": "Alexander", "middlename": "Lane", "program": 4}}, {"model": "studentorg.student", "pk": 24, "fields": {"created_at": "2026-02-18T13:19:15.448Z", "updated_at": "2026-02-18T13:19:15.448Z", "student_id": "2024-2-4426", "lastname": "Chen", "firstname": "Emily", "middlename": "Woods", "program": 9}}, {"model": "studentorg.student", "pk": 25, "fields": {"created_at": "2026-02-18T13:19:15.453Z", "updated_at": "2026-02-18T13:19:15.453Z", "student_id": "2024-5-7074", "lastname": "Klein", "firstname": "Robert", "middlename": "Singh", "program": 3}}, {"model": "studentorg.student", "pk": 26, "fields": {"created_at": "2026-02-18T13:19:15.457Z", "updated_at": "2026-02-18T13:19:15.457Z", "student_id": "2025-4-741", "lastname": "Barnes", "firstname": "William", "middlename": "Welch", "program": 9}}, {"model": "studentorg.student", "pk": 27, "fields": {"created_at": "2026-02-18T13:19:15.463Z", "updated_at": "2026-02-18T13:19:15.463Z", "student_id": "2024-6-9837", "lastname": "Hill", "firstname": "Nancy", "middlename": "Adams", "program": 4}}, {"model": "studentorg.student", "pk": 28, "fields": {"created_at": "2026-02-18T13:19:15.468Z", "updated_at": "2026-02-18T13:19:15.468Z", "student_id": "2021-8-3237", "lastname": "Franklin", "firstname": "Jennifer", "middlename": "Hall", "program": 10}}, {"model": "studentorg.student", "pk": 29, "fields": {"created_at": "2026-02-18T13:19:15.472Z", "updated_at": "2026-02-18T13:19:15.472Z", "student_id": "2024-2-6115", "lastname": "Beard", "firstname": "Christine", "middlename": "Diaz", "program": 6}}, {"model": "studentorg.student", "pk": 30, "fields": {"created_at": "2026-02-18T13:19:15.479Z", "updated_at": "2026-02-18T13:19:15.479Z", "student_id": "2021-2-4439", "lastname": "Dorsey", "firstname": "Karen", "middlename": "Moss", "program": 4}}, {"model": "studentorg.student", "pk": 31, "fields": {"created_at": "2026-02-18T13:19:15.484Z", "updated_at": "2026-02-18T13:19:15.484Z", "student_id": "2021-1-3271", "lastname": "Nelson", "firstname": "Yolanda", "middlename": "Kennedy", "program": 3}}, {"model": "studentorg.student", "pk": 32, "fields": {"created_at": "2026-02-18T13:19:15.489Z", "updated_at": "2026-02-18T13:19:15.489Z", "student_id": "2023-1-12", "lastname": "Dunn", "firstname": "Angela", "middlename": "Turner", "program": 8}}, {"model": "studentorg.student", "pk": 33, "fields": {"created_at": "2026-02-18T13:19:15.495Z", "updated_at": "2026-02-18T13:19:15.495Z", "student_id": "2023-3-5647", "lastname": "Robinson", "firstname": "Jonathan", "middlename": "Fowler", "program": 9}}, {"model": "studentorg.student", "pk": 34, "fields": {"created_at": "2026-02-18T13:19:15.500Z", "updated_at": "2026-02-18T13:19:15.500Z", "student_id": "2022-2-5573", "lastname": "Miller", "firstname": "Lori", "middlename": "Brooks", "program": 8}}, {"model": "studentorg.student", "pk": 35, "fields": {"created_at": "2026-02-18T13:19:15.505Z", "updated_at": "2026-02-18T13:19:15.505Z", "student_id": "2020-1-3716", "lastname": "Crawford", "firstname": "Tami", "middlename": "Underwood", "program": 4}}, {"model": "studentorg.student", "pk": 36, "fields": {"created_at": "2026-02-18T13:19:15.510Z", "updated_at": "2026-02-18T13:19:15.510Z", "student_id": "2025-4-6449", "lastname": "Green", "firstname": "Jeremy", "middlename": "Vasquez", "program": 10}}, {"model": "studentorg.student", "pk": 37, "fields": {"created_at": "2026-02-18T13:19:15.514Z", "updated_at": "2026-02-18T13:19:15.514Z", "student_id": "2024-5-6080", "lastname": "Gonzalez", "firstname": "Guy", "middlename": "Madden", "program": 9}}, {"model": "studentorg.student", "pk": 38, "fields": {"created_at": "2026-02-18T13:19:15.520Z", "updated_at": "2026-02-18T13:19:15.520Z", "student_id": "2021-2-9943", "lastname": "Young", "firstname": "Phillip", "middlename": "Anderson", "program": 3}}, {"model": "studentorg.student", "pk": 39, "fields": {"created_at": "2026-02-18T13:19:15.526Z", "updated_at": "2026-02-18T13:19:15.526Z", "student_id": "2021-2-697", "lastname": "Santos", "firstname": "Cathy", "middlename": "Garcia", "program": 9}}, {"model": "studentorg.student", "pk": 40, "fields": {"created_at": "2026-02-18T13:19:15.531Z", "updated_at": "2026-02-18T13:19:15.531Z", "student_id": "2024-1-5828", "lastname": "Brown", "firstname": "Andrea", "middlename": "Johnson", "program": 6}}, {"model": "studentorg.student", "pk": 41, "fields": {"created_at": "2026-02-18T13:19:15.536Z", "updated_at": "2026-02-18T13:19:15.536Z", "student_id": "2020-7-2671", "lastname": "Banks", "firstname": "Cory", "middlename": "Hines", "program": 9}}, {"model": "studentorg.student", "pk": 42, "fields": {"created_at": "2026-02-18T13:19:15.541Z", "updated_at": "2026-02-18T13:19:15.541Z", "student_id": "2024-8-3954", "lastname": "Long", "firstname": "Mathew", "middlename": "Mosley", "program": 9}}, {"model": "studentorg.student", "pk": 43, "fields": {"created_at": "2026-02-18T13:19:15.546Z", "updated_at": "2026-02-18T13:19:15.546Z", "student_id": "2021-7-5672", "lastname": "Glover", "firstname": "Debra", "middlename": "Davis", "program": 4}}, {"model": "studentorg.student", "pk": 44, "fields": {"created_at": "2026-02-18T13:19:15.551Z", "updated_at": "2026-02-18T13:19:15.551Z", "student_id": "2023-1-8057", "lastname": "Howard", "firstname": "Andrea", "middlename": "Miller", "program": 10}}, {"model": "studentorg.student", "pk": 45, "fields": {"created_at": "2026-02-18T13:19:15.556Z", "updated_at": "2026-02-18T13:19:15.556Z", "student_id": "2022-4-5061", "lastname": "Dudley", "firstname": "Benjamin", "middlename": "Martin", "program": 1}}, {"model": "studentorg.student", "pk": 46, "fields": {"created_at": "2026-02-18T13:19:15.561Z", "updated_at": "2026-02-18T13:19:15.561Z", "student_id": "2020-3-6300", "lastname": "Robertson", "firstname": "Sherry", "middlename": "Callahan", "program": 8}}, {"model": "studentorg.student", "pk": 47, "fields": {"created_at": "2026-02-18T13:19:15.566Z", "updated_at": "2026-02-18T13:19:15.566Z", "student_id": "2020-6-2937", "lastname": "Deleon", "firstname": "Daniel", "middlename": "Jacobs", "program": 5}}, {"model": "studentorg.student", "pk": 48, "fields": {"created_at": "2026-02-18T13:19:15.571Z", "updated_at": "2026-02-18T13:19:15.571Z", "student_id": "2021-7-4406", "lastname": "Robinson", "firstname": "Lucas", "middlename": "Ramsey", "program": 4}}, {"model": "studentorg.student", "pk": 49, "fields": {"created_at": "2026-02-18T13:19:15.575Z", "updated_at": "2026-02-18T13:19:15.575Z", "student_id": "2023-5-9406", "lastname": "Salazar", "firstname": "Karen", "middlename": "White", "program": 2}}, {"model": "studentorg.student", "pk": 50, "fields": {"created_at": "2026-02-18T13:19:15.581Z", "updated_at": "2026-02-18T13:19:15.581Z", "student_id": "2020-1-2303", "lastname": "Fernandez", "firstname": "Melissa", "middlename": "Torres", "program": 6}}, {"model": "studentorg.student", "pk": 51, "fields": {"created_at": "2026-02-18T13:19:15.586Z", "updated_at": "2026-02-18T13:19:15.586Z", "student_id": "2024-5-3573", "lastname": "Bryant", "firstname": "Keith", "middlename": "Bell", "program": 5}}, {"model": "studentorg.student", "pk": 52, "fields": {"created_at": "2026-02-18T13:19:15.591Z", "updated_at": "2026-02-18T13:19:15.591Z", "student_id": "2024-1-3860", "lastname": "Briggs", "firstname": "Shaun", "middlename": "Bradley", "program": 7}}, {"model": "studentorg.orgmember", "pk": 1, "fields": {"created_at": "2026-02-18T13:16:45.990Z", "updated_at": "2026-02-18T13:16:45.990Z", "student": 1, "organization": 11, "date_joined": "2026-02-18"}}, {"model": "studentorg.orgmember", "pk": 2, "fields": {"created_at": "2026-02-18T13:17:28.208Z", "updated_at": "2026-02-18T13:17:28.208Z", "student": 2, "organization": 12, "date_joined": "2026-02-18"}}, {"model": "studentorg.orgmember", "pk": 3, "fields": {"created_at": "2026-02-18T13:19:15.599Z", "updated_at": "2026-02-18T13:19:15.599Z", "student": 16, "organization": 15, "date_joined": "2025-02-27"}}, {"model": "studentorg.orgmember", "pk": 4, "fields": {"created_at": "2026-02-18T13:19:15.605Z", "updated_at": "2026-02-18T13:19:15.605Z", "student": 50, "organization": 14, "date_joined": "2025-03-22"}}, {"model": "studentorg.orgmember", "pk": 5, "fields": {"created_at": "2026-02-18T13:19:15.610Z", "updated_at": "2026-02-18T13:19:15.611Z", "student": 25, "organization": 12, "date_joined": "2025-05-27"}}, {"model": "studentorg.orgmember", "pk": 6, "fields": {"created_at": "2026-02-18T13:19:15.615Z", "updated_at": "2026-02-18T13:19:15.615Z", "student": 8, "organization": 16, "date_joined": "2024-11-07"}}, {"model": "studentorg.orgmember", "pk": 7, "fields": {"created_at": "2026-02-18T13:19:15.620Z", "updated_at": "2026-02-18T13:19:15.620Z", "student": 42, "organization": 9, "date_joined": "2025-06-06"}}, {"model": "studentorg.orgmember", "pk": 8, "fields": {"created_at": "2026-02-18T13:19:15.626Z", "updated_at": "2026-02-18T13:19:15.626Z", "student": 10, "organization": 2, "date_joined": "2025-11-25"}}, {"model": "studentorg.orgmember", "pk": 9, "fields": {"created_at": "2026-02-18T13:19:15.633Z", "updated_at": "2026-02-18T13:19:15.633Z", "student": 43, "organization": 22, "date_joined": "2025-10-15"}}, {"model": "studentorg.orgmember", "pk": 10, "fields": {"created_at": "2026-02-18T13:19:15.637Z", "updated_at": "2026-02-18T13:19:15.637Z", "student": 40, "organization": 1, "date_joined": "2024-04-27"}}, {"model": "studentorg.orgmember", "pk": 11, "fields": {"created_at": "2026-02-18T13:19:15.643Z", "updated_at": "2026-02-18T13:19:15.643Z", "student": 33, "organization": 18, "date_joined": "2024-06-10"}}, {"model": "studentorg.orgmember", "pk": 12, "fields": {"created_at": "2026-02-18T13:19:15.648Z", "updated_at": "2026-02-18T13:19:15.648Z", "student": 37, "organization": 11, "date_joined": "2025-02-25"}}]